"response_id","user_id","survey_type","question_id","response","response_date"
"1619","7534d744-a4f9-4794-b9d0-3ce6cfc11696","entry","D1","1","2024-03-13 12:02:52.468+00"
"1620","7534d744-a4f9-4794-b9d0-3ce6cfc11696","entry","D2","0","2024-03-13 12:02:52.468+00"
"1621","7534d744-a4f9-4794-b9d0-3ce6cfc11696","entry","D3","1","2024-03-13 12:02:52.468+00"
"1622","7534d744-a4f9-4794-b9d0-3ce6cfc11696","entry","D4","29","2024-03-13 12:02:52.468+00"
"1623","7534d744-a4f9-4794-b9d0-3ce6cfc11696","entry","D5","Sweden","2024-03-13 12:02:52.468+00"
"1624","7534d744-a4f9-4794-b9d0-3ce6cfc11696","entry","D6","2","2024-03-13 12:02:52.468+00"
"1625","7534d744-a4f9-4794-b9d0-3ce6cfc11696","entry","Q1","3","2024-03-13 12:02:52.468+00"
"1626","7534d744-a4f9-4794-b9d0-3ce6cfc11696","entry","Q2","2","2024-03-13 12:02:52.468+00"
"1627","7534d744-a4f9-4794-b9d0-3ce6cfc11696","entry","Q3","2","2024-03-13 12:02:52.468+00"
"1628","7534d744-a4f9-4794-b9d0-3ce6cfc11696","entry","Q4","4","2024-03-13 12:02:52.468+00"
"1629","7534d744-a4f9-4794-b9d0-3ce6cfc11696","entry","Q5","3","2024-03-13 12:02:52.468+00"
"1630","7534d744-a4f9-4794-b9d0-3ce6cfc11696","entry","Q6","4","2024-03-13 12:02:52.468+00"
"1631","7534d744-a4f9-4794-b9d0-3ce6cfc11696","entry","Q7","3","2024-03-13 12:02:52.468+00"
"1632","7534d744-a4f9-4794-b9d0-3ce6cfc11696","entry","Q8","1","2024-03-13 12:02:52.468+00"
"1633","7534d744-a4f9-4794-b9d0-3ce6cfc11696","entry","Q9","0","2024-03-13 12:02:52.468+00"
"1634","7534d744-a4f9-4794-b9d0-3ce6cfc11696","entry","Q10","1","2024-03-13 12:02:52.468+00"
"1635","7534d744-a4f9-4794-b9d0-3ce6cfc11696","entry","Q11","1","2024-03-13 12:02:52.468+00"
"1636","7534d744-a4f9-4794-b9d0-3ce6cfc11696","entry","Q12","2","2024-03-13 12:02:52.468+00"
"1637","7534d744-a4f9-4794-b9d0-3ce6cfc11696","entry","Q13","2","2024-03-13 12:02:52.468+00"
"1638","7534d744-a4f9-4794-b9d0-3ce6cfc11696","entry","Q14","3","2024-03-13 12:02:52.468+00"
"1639","7534d744-a4f9-4794-b9d0-3ce6cfc11696","entry","Q15","4","2024-03-13 12:02:52.468+00"
"1640","7534d744-a4f9-4794-b9d0-3ce6cfc11696","entry","Q16","2","2024-03-13 12:02:52.468+00"
"1641","7534d744-a4f9-4794-b9d0-3ce6cfc11696","entry","Q17","1","2024-03-13 12:02:52.468+00"
"1642","7534d744-a4f9-4794-b9d0-3ce6cfc11696","entry","Q18","3","2024-03-13 12:02:52.468+00"
"1643","7534d744-a4f9-4794-b9d0-3ce6cfc11696","entry","Q19","3","2024-03-13 12:02:52.468+00"
"1644","7534d744-a4f9-4794-b9d0-3ce6cfc11696","entry","Q20","4","2024-03-13 12:02:52.468+00"
"1645","bf75ecb6-8218-4f06-a124-3e9833e92965","entry","D1","1","2024-03-13 13:06:38.67+00"
"1646","bf75ecb6-8218-4f06-a124-3e9833e92965","entry","D2","0","2024-03-13 13:06:38.67+00"
"1647","bf75ecb6-8218-4f06-a124-3e9833e92965","entry","D3","9","2024-03-13 13:06:38.67+00"
"1648","bf75ecb6-8218-4f06-a124-3e9833e92965","entry","D4","31","2024-03-13 13:06:38.67+00"
"1649","bf75ecb6-8218-4f06-a124-3e9833e92965","entry","D5","Sweden","2024-03-13 13:06:38.67+00"
"1650","bf75ecb6-8218-4f06-a124-3e9833e92965","entry","D6","2","2024-03-13 13:06:38.67+00"
"1651","bf75ecb6-8218-4f06-a124-3e9833e92965","entry","Q1","4","2024-03-13 13:06:38.67+00"
"1652","bf75ecb6-8218-4f06-a124-3e9833e92965","entry","Q2","2","2024-03-13 13:06:38.67+00"
"1653","bf75ecb6-8218-4f06-a124-3e9833e92965","entry","Q3","4","2024-03-13 13:06:38.67+00"
"1654","bf75ecb6-8218-4f06-a124-3e9833e92965","entry","Q4","2","2024-03-13 13:06:38.67+00"
"1655","bf75ecb6-8218-4f06-a124-3e9833e92965","entry","Q5","2","2024-03-13 13:06:38.671+00"
"1656","bf75ecb6-8218-4f06-a124-3e9833e92965","entry","Q6","5","2024-03-13 13:06:38.671+00"
"1657","bf75ecb6-8218-4f06-a124-3e9833e92965","entry","Q7","1","2024-03-13 13:06:38.671+00"
"1658","bf75ecb6-8218-4f06-a124-3e9833e92965","entry","Q8","2","2024-03-13 13:06:38.671+00"
"1659","bf75ecb6-8218-4f06-a124-3e9833e92965","entry","Q9","2","2024-03-13 13:06:38.671+00"
"1660","bf75ecb6-8218-4f06-a124-3e9833e92965","entry","Q10","1","2024-03-13 13:06:38.671+00"
"1661","bf75ecb6-8218-4f06-a124-3e9833e92965","entry","Q11","1","2024-03-13 13:06:38.671+00"
"1662","bf75ecb6-8218-4f06-a124-3e9833e92965","entry","Q12","2","2024-03-13 13:06:38.671+00"
"1663","bf75ecb6-8218-4f06-a124-3e9833e92965","entry","Q13","4","2024-03-13 13:06:38.671+00"
"1664","bf75ecb6-8218-4f06-a124-3e9833e92965","entry","Q14","1","2024-03-13 13:06:38.671+00"
"1665","bf75ecb6-8218-4f06-a124-3e9833e92965","entry","Q15","2","2024-03-13 13:06:38.671+00"
"1666","bf75ecb6-8218-4f06-a124-3e9833e92965","entry","Q16","1","2024-03-13 13:06:38.671+00"
"1667","bf75ecb6-8218-4f06-a124-3e9833e92965","entry","Q17","2","2024-03-13 13:06:38.671+00"
"1668","bf75ecb6-8218-4f06-a124-3e9833e92965","entry","Q18","2","2024-03-13 13:06:38.671+00"
"1669","bf75ecb6-8218-4f06-a124-3e9833e92965","entry","Q19","1","2024-03-13 13:06:38.671+00"
"1670","bf75ecb6-8218-4f06-a124-3e9833e92965","entry","Q20","2","2024-03-13 13:06:38.671+00"
"1671","6e191edd-f76e-4cf1-8f33-a2deccdc3077","entry","D1","1","2024-03-13 13:35:13.546+00"
"1672","6e191edd-f76e-4cf1-8f33-a2deccdc3077","entry","D2","0","2024-03-13 13:35:13.546+00"
"1673","6e191edd-f76e-4cf1-8f33-a2deccdc3077","entry","D3","7","2024-03-13 13:35:13.546+00"
"1674","6e191edd-f76e-4cf1-8f33-a2deccdc3077","entry","D4","35","2024-03-13 13:35:13.546+00"
"1675","6e191edd-f76e-4cf1-8f33-a2deccdc3077","entry","D5","Spain","2024-03-13 13:35:13.546+00"
"1676","6e191edd-f76e-4cf1-8f33-a2deccdc3077","entry","D6","1","2024-03-13 13:35:13.546+00"
"1677","6e191edd-f76e-4cf1-8f33-a2deccdc3077","entry","Q1","2","2024-03-13 13:35:13.546+00"
"1678","6e191edd-f76e-4cf1-8f33-a2deccdc3077","entry","Q2","2","2024-03-13 13:35:13.546+00"
"1679","6e191edd-f76e-4cf1-8f33-a2deccdc3077","entry","Q3","2","2024-03-13 13:35:13.546+00"
"1680","6e191edd-f76e-4cf1-8f33-a2deccdc3077","entry","Q4","1","2024-03-13 13:35:13.546+00"
"1681","6e191edd-f76e-4cf1-8f33-a2deccdc3077","entry","Q5","4","2024-03-13 13:35:13.546+00"
"1682","6e191edd-f76e-4cf1-8f33-a2deccdc3077","entry","Q6","2","2024-03-13 13:35:13.546+00"
"1683","6e191edd-f76e-4cf1-8f33-a2deccdc3077","entry","Q7","4","2024-03-13 13:35:13.546+00"
"1684","6e191edd-f76e-4cf1-8f33-a2deccdc3077","entry","Q8","4","2024-03-13 13:35:13.546+00"
"1685","6e191edd-f76e-4cf1-8f33-a2deccdc3077","entry","Q9","3","2024-03-13 13:35:13.546+00"
"1686","6e191edd-f76e-4cf1-8f33-a2deccdc3077","entry","Q10","1","2024-03-13 13:35:13.546+00"
"1687","6e191edd-f76e-4cf1-8f33-a2deccdc3077","entry","Q11","1","2024-03-13 13:35:13.546+00"
"1688","6e191edd-f76e-4cf1-8f33-a2deccdc3077","entry","Q12","4","2024-03-13 13:35:13.546+00"
"1689","6e191edd-f76e-4cf1-8f33-a2deccdc3077","entry","Q13","3","2024-03-13 13:35:13.546+00"
"1690","6e191edd-f76e-4cf1-8f33-a2deccdc3077","entry","Q14","4","2024-03-13 13:35:13.546+00"
"1691","6e191edd-f76e-4cf1-8f33-a2deccdc3077","entry","Q15","4","2024-03-13 13:35:13.546+00"
"1692","6e191edd-f76e-4cf1-8f33-a2deccdc3077","entry","Q16","3","2024-03-13 13:35:13.546+00"
"1693","6e191edd-f76e-4cf1-8f33-a2deccdc3077","entry","Q17","1","2024-03-13 13:35:13.546+00"
"1694","6e191edd-f76e-4cf1-8f33-a2deccdc3077","entry","Q18","4","2024-03-13 13:35:13.546+00"
"1695","6e191edd-f76e-4cf1-8f33-a2deccdc3077","entry","Q19","6","2024-03-13 13:35:13.546+00"
"1696","6e191edd-f76e-4cf1-8f33-a2deccdc3077","entry","Q20","6","2024-03-13 13:35:13.546+00"
"1697","fec047b6-9c06-438f-90f8-f35a20f0720c","entry","D1","1","2024-03-13 13:52:05.427+00"
"1698","fec047b6-9c06-438f-90f8-f35a20f0720c","entry","D2","0","2024-03-13 13:52:05.427+00"
"1699","fec047b6-9c06-438f-90f8-f35a20f0720c","entry","D3","6","2024-03-13 13:52:05.427+00"
"1700","fec047b6-9c06-438f-90f8-f35a20f0720c","entry","D4","41","2024-03-13 13:52:05.427+00"
"1701","fec047b6-9c06-438f-90f8-f35a20f0720c","entry","D5","Sweden","2024-03-13 13:52:05.427+00"
"1702","fec047b6-9c06-438f-90f8-f35a20f0720c","entry","D6","2","2024-03-13 13:52:05.427+00"
"1703","fec047b6-9c06-438f-90f8-f35a20f0720c","entry","Q1","4","2024-03-13 13:52:05.427+00"
"1704","fec047b6-9c06-438f-90f8-f35a20f0720c","entry","Q2","2","2024-03-13 13:52:05.427+00"
"1705","fec047b6-9c06-438f-90f8-f35a20f0720c","entry","Q3","4","2024-03-13 13:52:05.427+00"
"1706","fec047b6-9c06-438f-90f8-f35a20f0720c","entry","Q4","2","2024-03-13 13:52:05.427+00"
"1707","fec047b6-9c06-438f-90f8-f35a20f0720c","entry","Q5","3","2024-03-13 13:52:05.427+00"
"1708","fec047b6-9c06-438f-90f8-f35a20f0720c","entry","Q6","3","2024-03-13 13:52:05.427+00"
"1709","fec047b6-9c06-438f-90f8-f35a20f0720c","entry","Q7","3","2024-03-13 13:52:05.427+00"
"1710","fec047b6-9c06-438f-90f8-f35a20f0720c","entry","Q8","3","2024-03-13 13:52:05.427+00"
"1711","fec047b6-9c06-438f-90f8-f35a20f0720c","entry","Q9","3","2024-03-13 13:52:05.427+00"
"1712","fec047b6-9c06-438f-90f8-f35a20f0720c","entry","Q10","3","2024-03-13 13:52:05.427+00"
"1713","fec047b6-9c06-438f-90f8-f35a20f0720c","entry","Q11","3","2024-03-13 13:52:05.427+00"
"1714","fec047b6-9c06-438f-90f8-f35a20f0720c","entry","Q12","4","2024-03-13 13:52:05.427+00"
"1715","fec047b6-9c06-438f-90f8-f35a20f0720c","entry","Q13","3","2024-03-13 13:52:05.427+00"
"1716","fec047b6-9c06-438f-90f8-f35a20f0720c","entry","Q14","4","2024-03-13 13:52:05.427+00"
"1717","fec047b6-9c06-438f-90f8-f35a20f0720c","entry","Q15","4","2024-03-13 13:52:05.427+00"
"1718","fec047b6-9c06-438f-90f8-f35a20f0720c","entry","Q16","4","2024-03-13 13:52:05.427+00"
"1719","fec047b6-9c06-438f-90f8-f35a20f0720c","entry","Q17","3","2024-03-13 13:52:05.427+00"
"1720","fec047b6-9c06-438f-90f8-f35a20f0720c","entry","Q18","4","2024-03-13 13:52:05.427+00"
"1721","fec047b6-9c06-438f-90f8-f35a20f0720c","entry","Q19","5","2024-03-13 13:52:05.427+00"
"1722","fec047b6-9c06-438f-90f8-f35a20f0720c","entry","Q20","3","2024-03-13 13:52:05.427+00"
"1723","3510fa20-eed9-4be4-bef6-4262aa417bcd","entry","D1","1","2024-03-13 18:57:05.31+00"
"1724","3510fa20-eed9-4be4-bef6-4262aa417bcd","entry","D2","0","2024-03-13 18:57:05.31+00"
"1725","3510fa20-eed9-4be4-bef6-4262aa417bcd","entry","D3","15","2024-03-13 18:57:05.31+00"
"1726","3510fa20-eed9-4be4-bef6-4262aa417bcd","entry","D4","29","2024-03-13 18:57:05.31+00"
"1727","3510fa20-eed9-4be4-bef6-4262aa417bcd","entry","D5","Serbia","2024-03-13 18:57:05.31+00"
"1728","3510fa20-eed9-4be4-bef6-4262aa417bcd","entry","D6","3","2024-03-13 18:57:05.31+00"
"1729","3510fa20-eed9-4be4-bef6-4262aa417bcd","entry","Q1","2","2024-03-13 18:57:05.31+00"
"1730","3510fa20-eed9-4be4-bef6-4262aa417bcd","entry","Q2","1","2024-03-13 18:57:05.31+00"
"1731","3510fa20-eed9-4be4-bef6-4262aa417bcd","entry","Q3","1","2024-03-13 18:57:05.31+00"
"1732","3510fa20-eed9-4be4-bef6-4262aa417bcd","entry","Q4","5","2024-03-13 18:57:05.31+00"
"1733","3510fa20-eed9-4be4-bef6-4262aa417bcd","entry","Q5","4","2024-03-13 18:57:05.31+00"
"1734","3510fa20-eed9-4be4-bef6-4262aa417bcd","entry","Q6","1","2024-03-13 18:57:05.31+00"
"1735","3510fa20-eed9-4be4-bef6-4262aa417bcd","entry","Q7","1","2024-03-13 18:57:05.31+00"
"1736","3510fa20-eed9-4be4-bef6-4262aa417bcd","entry","Q8","1","2024-03-13 18:57:05.31+00"
"1737","3510fa20-eed9-4be4-bef6-4262aa417bcd","entry","Q9","3","2024-03-13 18:57:05.31+00"
"1738","3510fa20-eed9-4be4-bef6-4262aa417bcd","entry","Q10","3","2024-03-13 18:57:05.31+00"
"1739","3510fa20-eed9-4be4-bef6-4262aa417bcd","entry","Q11","4","2024-03-13 18:57:05.31+00"
"1740","3510fa20-eed9-4be4-bef6-4262aa417bcd","entry","Q12","3","2024-03-13 18:57:05.31+00"
"1741","3510fa20-eed9-4be4-bef6-4262aa417bcd","entry","Q13","5","2024-03-13 18:57:05.31+00"
"1742","3510fa20-eed9-4be4-bef6-4262aa417bcd","entry","Q14","4","2024-03-13 18:57:05.31+00"
"1743","3510fa20-eed9-4be4-bef6-4262aa417bcd","entry","Q15","4","2024-03-13 18:57:05.31+00"
"1744","3510fa20-eed9-4be4-bef6-4262aa417bcd","entry","Q16","3","2024-03-13 18:57:05.31+00"
"1745","3510fa20-eed9-4be4-bef6-4262aa417bcd","entry","Q17","6","2024-03-13 18:57:05.31+00"
"1746","3510fa20-eed9-4be4-bef6-4262aa417bcd","entry","Q18","5","2024-03-13 18:57:05.31+00"
"1747","3510fa20-eed9-4be4-bef6-4262aa417bcd","entry","Q19","6","2024-03-13 18:57:05.31+00"
"1748","3510fa20-eed9-4be4-bef6-4262aa417bcd","entry","Q20","5","2024-03-13 18:57:05.31+00"
"1749","6ac141ba-f29d-4bc8-a631-55eca66daa8a","entry","D1","1","2024-03-13 19:43:47.853+00"
"1750","6ac141ba-f29d-4bc8-a631-55eca66daa8a","entry","D2","0","2024-03-13 19:43:47.853+00"
"1751","6ac141ba-f29d-4bc8-a631-55eca66daa8a","entry","D3","4","2024-03-13 19:43:47.853+00"
"1752","6ac141ba-f29d-4bc8-a631-55eca66daa8a","entry","D4","27","2024-03-13 19:43:47.853+00"
"1753","6ac141ba-f29d-4bc8-a631-55eca66daa8a","entry","D5","United States Of America","2024-03-13 19:43:47.853+00"
"1754","6ac141ba-f29d-4bc8-a631-55eca66daa8a","entry","D6","3","2024-03-13 19:43:47.853+00"
"1755","6ac141ba-f29d-4bc8-a631-55eca66daa8a","entry","Q1","2","2024-03-13 19:43:47.853+00"
"1756","6ac141ba-f29d-4bc8-a631-55eca66daa8a","entry","Q2","4","2024-03-13 19:43:47.853+00"
"1757","6ac141ba-f29d-4bc8-a631-55eca66daa8a","entry","Q3","3","2024-03-13 19:43:47.853+00"
"1758","6ac141ba-f29d-4bc8-a631-55eca66daa8a","entry","Q4","3","2024-03-13 19:43:47.853+00"
"1759","6ac141ba-f29d-4bc8-a631-55eca66daa8a","entry","Q5","2","2024-03-13 19:43:47.853+00"
"1760","6ac141ba-f29d-4bc8-a631-55eca66daa8a","entry","Q6","2","2024-03-13 19:43:47.853+00"
"1761","6ac141ba-f29d-4bc8-a631-55eca66daa8a","entry","Q7","1","2024-03-13 19:43:47.853+00"
"1762","6ac141ba-f29d-4bc8-a631-55eca66daa8a","entry","Q8","1","2024-03-13 19:43:47.853+00"
"1763","6ac141ba-f29d-4bc8-a631-55eca66daa8a","entry","Q9","3","2024-03-13 19:43:47.853+00"
"1764","6ac141ba-f29d-4bc8-a631-55eca66daa8a","entry","Q10","3","2024-03-13 19:43:47.853+00"
"1765","6ac141ba-f29d-4bc8-a631-55eca66daa8a","entry","Q11","5","2024-03-13 19:43:47.853+00"
"1766","6ac141ba-f29d-4bc8-a631-55eca66daa8a","entry","Q12","4","2024-03-13 19:43:47.853+00"
"1767","6ac141ba-f29d-4bc8-a631-55eca66daa8a","entry","Q13","3","2024-03-13 19:43:47.853+00"
"1768","6ac141ba-f29d-4bc8-a631-55eca66daa8a","entry","Q14","5","2024-03-13 19:43:47.853+00"
"1769","6ac141ba-f29d-4bc8-a631-55eca66daa8a","entry","Q15","5","2024-03-13 19:43:47.853+00"
"1770","6ac141ba-f29d-4bc8-a631-55eca66daa8a","entry","Q16","4","2024-03-13 19:43:47.853+00"
"1771","6ac141ba-f29d-4bc8-a631-55eca66daa8a","entry","Q17","5","2024-03-13 19:43:47.853+00"
"1772","6ac141ba-f29d-4bc8-a631-55eca66daa8a","entry","Q18","6","2024-03-13 19:43:47.853+00"
"1773","6ac141ba-f29d-4bc8-a631-55eca66daa8a","entry","Q19","5","2024-03-13 19:43:47.853+00"
"1774","6ac141ba-f29d-4bc8-a631-55eca66daa8a","entry","Q20","4","2024-03-13 19:43:47.853+00"
"1775","67f1d8e4-624c-4046-84da-8ac913311597","entry","D1","1","2024-03-18 08:12:21.682+00"
"1776","67f1d8e4-624c-4046-84da-8ac913311597","entry","D2","0","2024-03-18 08:12:21.682+00"
"1777","67f1d8e4-624c-4046-84da-8ac913311597","entry","D3","4","2024-03-18 08:12:21.682+00"
"1778","67f1d8e4-624c-4046-84da-8ac913311597","entry","D4","31","2024-03-18 08:12:21.682+00"
"1779","67f1d8e4-624c-4046-84da-8ac913311597","entry","D5","Sweden","2024-03-18 08:12:21.682+00"
"1780","67f1d8e4-624c-4046-84da-8ac913311597","entry","D6","2","2024-03-18 08:12:21.682+00"
"1781","67f1d8e4-624c-4046-84da-8ac913311597","entry","Q1","2","2024-03-18 08:12:21.682+00"
"1782","67f1d8e4-624c-4046-84da-8ac913311597","entry","Q2","3","2024-03-18 08:12:21.682+00"
"1783","67f1d8e4-624c-4046-84da-8ac913311597","entry","Q3","3","2024-03-18 08:12:21.682+00"
"1784","67f1d8e4-624c-4046-84da-8ac913311597","entry","Q4","4","2024-03-18 08:12:21.682+00"
"1785","67f1d8e4-624c-4046-84da-8ac913311597","entry","Q5","3","2024-03-18 08:12:21.682+00"
"1786","67f1d8e4-624c-4046-84da-8ac913311597","entry","Q6","3","2024-03-18 08:12:21.682+00"
"1787","67f1d8e4-624c-4046-84da-8ac913311597","entry","Q7","4","2024-03-18 08:12:21.682+00"
"1788","67f1d8e4-624c-4046-84da-8ac913311597","entry","Q8","2","2024-03-18 08:12:21.682+00"
"1789","67f1d8e4-624c-4046-84da-8ac913311597","entry","Q9","3","2024-03-18 08:12:21.682+00"
"1790","67f1d8e4-624c-4046-84da-8ac913311597","entry","Q10","3","2024-03-18 08:12:21.682+00"
"1791","67f1d8e4-624c-4046-84da-8ac913311597","entry","Q11","4","2024-03-18 08:12:21.682+00"
"1792","67f1d8e4-624c-4046-84da-8ac913311597","entry","Q12","3","2024-03-18 08:12:21.682+00"
"1793","67f1d8e4-624c-4046-84da-8ac913311597","entry","Q13","4","2024-03-18 08:12:21.682+00"
"1794","67f1d8e4-624c-4046-84da-8ac913311597","entry","Q14","4","2024-03-18 08:12:21.682+00"
"1795","67f1d8e4-624c-4046-84da-8ac913311597","entry","Q15","4","2024-03-18 08:12:21.682+00"
"1796","67f1d8e4-624c-4046-84da-8ac913311597","entry","Q16","3","2024-03-18 08:12:21.682+00"
"1797","67f1d8e4-624c-4046-84da-8ac913311597","entry","Q17","2","2024-03-18 08:12:21.682+00"
"1798","67f1d8e4-624c-4046-84da-8ac913311597","entry","Q18","4","2024-03-18 08:12:21.682+00"
"1799","67f1d8e4-624c-4046-84da-8ac913311597","entry","Q19","3","2024-03-18 08:12:21.682+00"
"1800","67f1d8e4-624c-4046-84da-8ac913311597","entry","Q20","2","2024-03-18 08:12:21.682+00"
"1801","cf5b677d-87b9-458d-bb52-7bff80df8483","entry","D1","1","2024-03-20 17:00:41.728+00"
"1802","cf5b677d-87b9-458d-bb52-7bff80df8483","entry","D2","0","2024-03-20 17:00:41.728+00"
"1803","cf5b677d-87b9-458d-bb52-7bff80df8483","entry","D3","15","2024-03-20 17:00:41.728+00"
"1804","cf5b677d-87b9-458d-bb52-7bff80df8483","entry","D4","38","2024-03-20 17:00:41.728+00"
"1805","cf5b677d-87b9-458d-bb52-7bff80df8483","entry","D5","Sweden","2024-03-20 17:00:41.728+00"
"1806","cf5b677d-87b9-458d-bb52-7bff80df8483","entry","D6","2","2024-03-20 17:00:41.728+00"
"1807","cf5b677d-87b9-458d-bb52-7bff80df8483","entry","Q1","2","2024-03-20 17:00:41.728+00"
"1808","cf5b677d-87b9-458d-bb52-7bff80df8483","entry","Q2","4","2024-03-20 17:00:41.728+00"
"1809","cf5b677d-87b9-458d-bb52-7bff80df8483","entry","Q3","2","2024-03-20 17:00:41.728+00"
"1810","cf5b677d-87b9-458d-bb52-7bff80df8483","entry","Q4","4","2024-03-20 17:00:41.728+00"
"1811","cf5b677d-87b9-458d-bb52-7bff80df8483","entry","Q5","2","2024-03-20 17:00:41.728+00"
"1812","cf5b677d-87b9-458d-bb52-7bff80df8483","entry","Q6","5","2024-03-20 17:00:41.728+00"
"1813","cf5b677d-87b9-458d-bb52-7bff80df8483","entry","Q7","1","2024-03-20 17:00:41.728+00"
"1814","cf5b677d-87b9-458d-bb52-7bff80df8483","entry","Q8","2","2024-03-20 17:00:41.728+00"
"1815","cf5b677d-87b9-458d-bb52-7bff80df8483","entry","Q9","3","2024-03-20 17:00:41.728+00"
"1816","cf5b677d-87b9-458d-bb52-7bff80df8483","entry","Q10","1","2024-03-20 17:00:41.728+00"
"1817","cf5b677d-87b9-458d-bb52-7bff80df8483","entry","Q11","2","2024-03-20 17:00:41.728+00"
"1818","cf5b677d-87b9-458d-bb52-7bff80df8483","entry","Q12","3","2024-03-20 17:00:41.728+00"
"1819","cf5b677d-87b9-458d-bb52-7bff80df8483","entry","Q13","3","2024-03-20 17:00:41.728+00"
"1820","cf5b677d-87b9-458d-bb52-7bff80df8483","entry","Q14","4","2024-03-20 17:00:41.728+00"
"1821","cf5b677d-87b9-458d-bb52-7bff80df8483","entry","Q15","4","2024-03-20 17:00:41.728+00"
"1822","cf5b677d-87b9-458d-bb52-7bff80df8483","entry","Q16","4","2024-03-20 17:00:41.728+00"
"1823","cf5b677d-87b9-458d-bb52-7bff80df8483","entry","Q17","4","2024-03-20 17:00:41.728+00"
"1824","cf5b677d-87b9-458d-bb52-7bff80df8483","entry","Q18","3","2024-03-20 17:00:41.728+00"
"1825","cf5b677d-87b9-458d-bb52-7bff80df8483","entry","Q19","3","2024-03-20 17:00:41.728+00"
"1826","cf5b677d-87b9-458d-bb52-7bff80df8483","entry","Q20","5","2024-03-20 17:00:41.728+00"
"1827","ff4fca8e-70d6-497c-8788-8b3edb0fe69e","entry","D1","1","2024-03-22 08:26:19.175+00"
"1828","ff4fca8e-70d6-497c-8788-8b3edb0fe69e","entry","D2","0","2024-03-22 08:26:19.175+00"
"1829","ff4fca8e-70d6-497c-8788-8b3edb0fe69e","entry","D3","4","2024-03-22 08:26:19.175+00"
"1830","ff4fca8e-70d6-497c-8788-8b3edb0fe69e","entry","D4","28","2024-03-22 08:26:19.175+00"
"1831","ff4fca8e-70d6-497c-8788-8b3edb0fe69e","entry","D5","USA","2024-03-22 08:26:19.175+00"
"1832","ff4fca8e-70d6-497c-8788-8b3edb0fe69e","entry","D6","2","2024-03-22 08:26:19.175+00"
"1833","ff4fca8e-70d6-497c-8788-8b3edb0fe69e","entry","Q1","2","2024-03-22 08:26:19.175+00"
"1834","ff4fca8e-70d6-497c-8788-8b3edb0fe69e","entry","Q2","4","2024-03-22 08:26:19.175+00"
"1835","ff4fca8e-70d6-497c-8788-8b3edb0fe69e","entry","Q3","2","2024-03-22 08:26:19.175+00"
"1836","ff4fca8e-70d6-497c-8788-8b3edb0fe69e","entry","Q4","4","2024-03-22 08:26:19.175+00"
"1837","ff4fca8e-70d6-497c-8788-8b3edb0fe69e","entry","Q5","2","2024-03-22 08:26:19.175+00"
"1838","ff4fca8e-70d6-497c-8788-8b3edb0fe69e","entry","Q6","3","2024-03-22 08:26:19.175+00"
"1839","ff4fca8e-70d6-497c-8788-8b3edb0fe69e","entry","Q7","4","2024-03-22 08:26:19.175+00"
"1840","ff4fca8e-70d6-497c-8788-8b3edb0fe69e","entry","Q8","3","2024-03-22 08:26:19.175+00"
"1841","ff4fca8e-70d6-497c-8788-8b3edb0fe69e","entry","Q9","3","2024-03-22 08:26:19.175+00"
"1842","ff4fca8e-70d6-497c-8788-8b3edb0fe69e","entry","Q10","2","2024-03-22 08:26:19.175+00"
"1843","ff4fca8e-70d6-497c-8788-8b3edb0fe69e","entry","Q11","2","2024-03-22 08:26:19.175+00"
"1844","ff4fca8e-70d6-497c-8788-8b3edb0fe69e","entry","Q12","3","2024-03-22 08:26:19.175+00"
"1845","ff4fca8e-70d6-497c-8788-8b3edb0fe69e","entry","Q13","3","2024-03-22 08:26:19.175+00"
"1846","ff4fca8e-70d6-497c-8788-8b3edb0fe69e","entry","Q14","3","2024-03-22 08:26:19.175+00"
"1847","ff4fca8e-70d6-497c-8788-8b3edb0fe69e","entry","Q15","3","2024-03-22 08:26:19.175+00"
"1848","ff4fca8e-70d6-497c-8788-8b3edb0fe69e","entry","Q16","3","2024-03-22 08:26:19.175+00"
"1849","ff4fca8e-70d6-497c-8788-8b3edb0fe69e","entry","Q17","4","2024-03-22 08:26:19.175+00"
"1850","ff4fca8e-70d6-497c-8788-8b3edb0fe69e","entry","Q18","2","2024-03-22 08:26:19.175+00"
"1851","ff4fca8e-70d6-497c-8788-8b3edb0fe69e","entry","Q19","5","2024-03-22 08:26:19.175+00"
"1852","ff4fca8e-70d6-497c-8788-8b3edb0fe69e","entry","Q20","5","2024-03-22 08:26:19.175+00"
"1853","125eee30-a667-4c03-87de-51396454a754","entry","D1","1","2024-03-22 10:54:00.572+00"
"1854","125eee30-a667-4c03-87de-51396454a754","entry","D2","0","2024-03-22 10:54:00.572+00"
"1855","125eee30-a667-4c03-87de-51396454a754","entry","D3","2","2024-03-22 10:54:00.572+00"
"1856","125eee30-a667-4c03-87de-51396454a754","entry","D4","29","2024-03-22 10:54:00.572+00"
"1857","125eee30-a667-4c03-87de-51396454a754","entry","D5","Norway","2024-03-22 10:54:00.572+00"
"1858","125eee30-a667-4c03-87de-51396454a754","entry","D6","2","2024-03-22 10:54:00.572+00"
"1859","125eee30-a667-4c03-87de-51396454a754","entry","Q1","2","2024-03-22 10:54:00.572+00"
"1860","125eee30-a667-4c03-87de-51396454a754","entry","Q2","3","2024-03-22 10:54:00.572+00"
"1861","125eee30-a667-4c03-87de-51396454a754","entry","Q3","3","2024-03-22 10:54:00.572+00"
"1862","125eee30-a667-4c03-87de-51396454a754","entry","Q4","3","2024-03-22 10:54:00.572+00"
"1863","125eee30-a667-4c03-87de-51396454a754","entry","Q5","3","2024-03-22 10:54:00.572+00"
"1864","125eee30-a667-4c03-87de-51396454a754","entry","Q6","3","2024-03-22 10:54:00.572+00"
"1865","125eee30-a667-4c03-87de-51396454a754","entry","Q7","2","2024-03-22 10:54:00.572+00"
"1866","125eee30-a667-4c03-87de-51396454a754","entry","Q8","2","2024-03-22 10:54:00.572+00"
"1867","125eee30-a667-4c03-87de-51396454a754","entry","Q9","1","2024-03-22 10:54:00.572+00"
"1868","125eee30-a667-4c03-87de-51396454a754","entry","Q10","1","2024-03-22 10:54:00.572+00"
"1869","125eee30-a667-4c03-87de-51396454a754","entry","Q11","3","2024-03-22 10:54:00.572+00"
"1870","125eee30-a667-4c03-87de-51396454a754","entry","Q12","2","2024-03-22 10:54:00.572+00"
"1871","125eee30-a667-4c03-87de-51396454a754","entry","Q13","2","2024-03-22 10:54:00.572+00"
"1872","125eee30-a667-4c03-87de-51396454a754","entry","Q14","2","2024-03-22 10:54:00.572+00"
"1873","125eee30-a667-4c03-87de-51396454a754","entry","Q15","2","2024-03-22 10:54:00.572+00"
"1874","125eee30-a667-4c03-87de-51396454a754","entry","Q16","2","2024-03-22 10:54:00.572+00"
"1875","125eee30-a667-4c03-87de-51396454a754","entry","Q17","3","2024-03-22 10:54:00.572+00"
"1876","125eee30-a667-4c03-87de-51396454a754","entry","Q18","2","2024-03-22 10:54:00.572+00"
"1877","125eee30-a667-4c03-87de-51396454a754","entry","Q19","3","2024-03-22 10:54:00.572+00"
"1878","125eee30-a667-4c03-87de-51396454a754","entry","Q20","3","2024-03-22 10:54:00.572+00"
"1879","38e0cde1-f10a-4a9d-a845-7975f2ead9b1","entry","D1","1","2024-03-22 21:25:23.057+00"
"1880","38e0cde1-f10a-4a9d-a845-7975f2ead9b1","entry","D2","0","2024-03-22 21:25:23.057+00"
"1881","38e0cde1-f10a-4a9d-a845-7975f2ead9b1","entry","D3","7","2024-03-22 21:25:23.057+00"
"1882","38e0cde1-f10a-4a9d-a845-7975f2ead9b1","entry","D4","33","2024-03-22 21:25:23.057+00"
"1883","38e0cde1-f10a-4a9d-a845-7975f2ead9b1","entry","D5","Germany","2024-03-22 21:25:23.057+00"
"1884","38e0cde1-f10a-4a9d-a845-7975f2ead9b1","entry","D6","1","2024-03-22 21:25:23.057+00"
"1885","38e0cde1-f10a-4a9d-a845-7975f2ead9b1","entry","Q1","4","2024-03-22 21:25:23.057+00"
"1886","38e0cde1-f10a-4a9d-a845-7975f2ead9b1","entry","Q2","2","2024-03-22 21:25:23.057+00"
"1887","38e0cde1-f10a-4a9d-a845-7975f2ead9b1","entry","Q3","4","2024-03-22 21:25:23.057+00"
"1888","38e0cde1-f10a-4a9d-a845-7975f2ead9b1","entry","Q4","2","2024-03-22 21:25:23.057+00"
"1889","38e0cde1-f10a-4a9d-a845-7975f2ead9b1","entry","Q5","4","2024-03-22 21:25:23.057+00"
"1890","38e0cde1-f10a-4a9d-a845-7975f2ead9b1","entry","Q6","2","2024-03-22 21:25:23.057+00"
"1891","38e0cde1-f10a-4a9d-a845-7975f2ead9b1","entry","Q7","4","2024-03-22 21:25:23.057+00"
"1892","38e0cde1-f10a-4a9d-a845-7975f2ead9b1","entry","Q8","4","2024-03-22 21:25:23.057+00"
"1893","38e0cde1-f10a-4a9d-a845-7975f2ead9b1","entry","Q9","4","2024-03-22 21:25:23.057+00"
"1894","38e0cde1-f10a-4a9d-a845-7975f2ead9b1","entry","Q10","3","2024-03-22 21:25:23.057+00"
"1895","38e0cde1-f10a-4a9d-a845-7975f2ead9b1","entry","Q11","3","2024-03-22 21:25:23.057+00"
"1896","38e0cde1-f10a-4a9d-a845-7975f2ead9b1","entry","Q12","4","2024-03-22 21:25:23.057+00"
"1897","38e0cde1-f10a-4a9d-a845-7975f2ead9b1","entry","Q13","4","2024-03-22 21:25:23.057+00"
"1898","38e0cde1-f10a-4a9d-a845-7975f2ead9b1","entry","Q14","4","2024-03-22 21:25:23.057+00"
"1899","38e0cde1-f10a-4a9d-a845-7975f2ead9b1","entry","Q15","3","2024-03-22 21:25:23.057+00"
"1900","38e0cde1-f10a-4a9d-a845-7975f2ead9b1","entry","Q16","3","2024-03-22 21:25:23.057+00"
"1901","38e0cde1-f10a-4a9d-a845-7975f2ead9b1","entry","Q17","4","2024-03-22 21:25:23.057+00"
"1902","38e0cde1-f10a-4a9d-a845-7975f2ead9b1","entry","Q18","4","2024-03-22 21:25:23.057+00"
"1903","38e0cde1-f10a-4a9d-a845-7975f2ead9b1","entry","Q19","5","2024-03-22 21:25:23.057+00"
"1904","38e0cde1-f10a-4a9d-a845-7975f2ead9b1","entry","Q20","5","2024-03-22 21:25:23.057+00"
"1905","f3fb0cdf-36d8-44e4-ba68-f9c3a989f89d","entry","D1","1","2024-03-28 21:52:13.814+00"
"1906","f3fb0cdf-36d8-44e4-ba68-f9c3a989f89d","entry","D2","0","2024-03-28 21:52:13.814+00"
"1907","f3fb0cdf-36d8-44e4-ba68-f9c3a989f89d","entry","D3","7","2024-03-28 21:52:13.814+00"
"1908","f3fb0cdf-36d8-44e4-ba68-f9c3a989f89d","entry","D4","33","2024-03-28 21:52:13.814+00"
"1909","f3fb0cdf-36d8-44e4-ba68-f9c3a989f89d","entry","D5","Serbia","2024-03-28 21:52:13.814+00"
"1910","f3fb0cdf-36d8-44e4-ba68-f9c3a989f89d","entry","D6","1","2024-03-28 21:52:13.814+00"
"1911","f3fb0cdf-36d8-44e4-ba68-f9c3a989f89d","entry","Q1","5","2024-03-28 21:52:13.814+00"
"1912","f3fb0cdf-36d8-44e4-ba68-f9c3a989f89d","entry","Q2","2","2024-03-28 21:52:13.814+00"
"1913","f3fb0cdf-36d8-44e4-ba68-f9c3a989f89d","entry","Q3","5","2024-03-28 21:52:13.814+00"
"1914","f3fb0cdf-36d8-44e4-ba68-f9c3a989f89d","entry","Q4","2","2024-03-28 21:52:13.814+00"
"1915","f3fb0cdf-36d8-44e4-ba68-f9c3a989f89d","entry","Q5","4","2024-03-28 21:52:13.814+00"
"1916","f3fb0cdf-36d8-44e4-ba68-f9c3a989f89d","entry","Q6","2","2024-03-28 21:52:13.814+00"
"1917","f3fb0cdf-36d8-44e4-ba68-f9c3a989f89d","entry","Q7","2","2024-03-28 21:52:13.814+00"
"1918","f3fb0cdf-36d8-44e4-ba68-f9c3a989f89d","entry","Q8","1","2024-03-28 21:52:13.814+00"
"1919","f3fb0cdf-36d8-44e4-ba68-f9c3a989f89d","entry","Q9","1","2024-03-28 21:52:13.814+00"
"1920","f3fb0cdf-36d8-44e4-ba68-f9c3a989f89d","entry","Q10","1","2024-03-28 21:52:13.814+00"
"1921","f3fb0cdf-36d8-44e4-ba68-f9c3a989f89d","entry","Q11","3","2024-03-28 21:52:13.814+00"
"1922","f3fb0cdf-36d8-44e4-ba68-f9c3a989f89d","entry","Q12","2","2024-03-28 21:52:13.814+00"
"1923","f3fb0cdf-36d8-44e4-ba68-f9c3a989f89d","entry","Q13","3","2024-03-28 21:52:13.814+00"
"1924","f3fb0cdf-36d8-44e4-ba68-f9c3a989f89d","entry","Q14","4","2024-03-28 21:52:13.814+00"
"1925","f3fb0cdf-36d8-44e4-ba68-f9c3a989f89d","entry","Q15","3","2024-03-28 21:52:13.814+00"
"1926","f3fb0cdf-36d8-44e4-ba68-f9c3a989f89d","entry","Q16","4","2024-03-28 21:52:13.814+00"
"1927","f3fb0cdf-36d8-44e4-ba68-f9c3a989f89d","entry","Q17","5","2024-03-28 21:52:13.814+00"
"1928","f3fb0cdf-36d8-44e4-ba68-f9c3a989f89d","entry","Q18","3","2024-03-28 21:52:13.814+00"
"1929","f3fb0cdf-36d8-44e4-ba68-f9c3a989f89d","entry","Q19","4","2024-03-28 21:52:13.814+00"
"1930","f3fb0cdf-36d8-44e4-ba68-f9c3a989f89d","entry","Q20","6","2024-03-28 21:52:13.814+00"
"1931","0b0684a9-b502-49dd-8835-c2f625903776","entry","D1","1","2024-03-28 22:17:04.937+00"
"1932","0b0684a9-b502-49dd-8835-c2f625903776","entry","D2","0","2024-03-28 22:17:04.937+00"
"1933","0b0684a9-b502-49dd-8835-c2f625903776","entry","D3","19","2024-03-28 22:17:04.937+00"
"1934","0b0684a9-b502-49dd-8835-c2f625903776","entry","D4","39","2024-03-28 22:17:04.937+00"
"1935","0b0684a9-b502-49dd-8835-c2f625903776","entry","D5","Serbia","2024-03-28 22:17:04.937+00"
"1936","0b0684a9-b502-49dd-8835-c2f625903776","entry","D6","1","2024-03-28 22:17:04.937+00"
"1937","0b0684a9-b502-49dd-8835-c2f625903776","entry","Q1","4","2024-03-28 22:17:04.937+00"
"1938","0b0684a9-b502-49dd-8835-c2f625903776","entry","Q2","3","2024-03-28 22:17:04.937+00"
"1939","0b0684a9-b502-49dd-8835-c2f625903776","entry","Q3","4","2024-03-28 22:17:04.937+00"
"1940","0b0684a9-b502-49dd-8835-c2f625903776","entry","Q4","2","2024-03-28 22:17:04.937+00"
"1941","0b0684a9-b502-49dd-8835-c2f625903776","entry","Q5","4","2024-03-28 22:17:04.937+00"
"1942","0b0684a9-b502-49dd-8835-c2f625903776","entry","Q6","2","2024-03-28 22:17:04.937+00"
"1943","0b0684a9-b502-49dd-8835-c2f625903776","entry","Q7","1","2024-03-28 22:17:04.937+00"
"1944","0b0684a9-b502-49dd-8835-c2f625903776","entry","Q8","1","2024-03-28 22:17:04.937+00"
"1945","0b0684a9-b502-49dd-8835-c2f625903776","entry","Q9","1","2024-03-28 22:17:04.937+00"
"1946","0b0684a9-b502-49dd-8835-c2f625903776","entry","Q10","1","2024-03-28 22:17:04.937+00"
"1947","0b0684a9-b502-49dd-8835-c2f625903776","entry","Q11","1","2024-03-28 22:17:04.937+00"
"1948","0b0684a9-b502-49dd-8835-c2f625903776","entry","Q12","2","2024-03-28 22:17:04.937+00"
"1949","0b0684a9-b502-49dd-8835-c2f625903776","entry","Q13","3","2024-03-28 22:17:04.937+00"
"1950","0b0684a9-b502-49dd-8835-c2f625903776","entry","Q14","2","2024-03-28 22:17:04.937+00"
"1951","0b0684a9-b502-49dd-8835-c2f625903776","entry","Q15","3","2024-03-28 22:17:04.937+00"
"1952","0b0684a9-b502-49dd-8835-c2f625903776","entry","Q16","4","2024-03-28 22:17:04.937+00"
"1953","0b0684a9-b502-49dd-8835-c2f625903776","entry","Q17","3","2024-03-28 22:17:04.937+00"
"1954","0b0684a9-b502-49dd-8835-c2f625903776","entry","Q18","4","2024-03-28 22:17:04.937+00"
"1955","0b0684a9-b502-49dd-8835-c2f625903776","entry","Q19","3","2024-03-28 22:17:04.937+00"
"1956","0b0684a9-b502-49dd-8835-c2f625903776","entry","Q20","5","2024-03-28 22:17:04.937+00"
"1957","a61d7ac3-aadd-4c81-8d37-b493882e9fdc","entry","D1","1","2024-03-30 00:18:39.454+00"
"1958","a61d7ac3-aadd-4c81-8d37-b493882e9fdc","entry","D2","0","2024-03-30 00:18:39.454+00"
"1959","a61d7ac3-aadd-4c81-8d37-b493882e9fdc","entry","D3","3","2024-03-30 00:18:39.454+00"
"1960","a61d7ac3-aadd-4c81-8d37-b493882e9fdc","entry","D4","25","2024-03-30 00:18:39.454+00"
"1961","a61d7ac3-aadd-4c81-8d37-b493882e9fdc","entry","D5","Turkey","2024-03-30 00:18:39.454+00"
"1962","a61d7ac3-aadd-4c81-8d37-b493882e9fdc","entry","D6","3","2024-03-30 00:18:39.454+00"
"1963","a61d7ac3-aadd-4c81-8d37-b493882e9fdc","entry","Q1","3","2024-03-30 00:18:39.454+00"
"1964","a61d7ac3-aadd-4c81-8d37-b493882e9fdc","entry","Q2","3","2024-03-30 00:18:39.454+00"
"1965","a61d7ac3-aadd-4c81-8d37-b493882e9fdc","entry","Q3","3","2024-03-30 00:18:39.454+00"
"1966","a61d7ac3-aadd-4c81-8d37-b493882e9fdc","entry","Q4","3","2024-03-30 00:18:39.454+00"
"1967","a61d7ac3-aadd-4c81-8d37-b493882e9fdc","entry","Q5","2","2024-03-30 00:18:39.454+00"
"1968","a61d7ac3-aadd-4c81-8d37-b493882e9fdc","entry","Q6","3","2024-03-30 00:18:39.454+00"
"1969","a61d7ac3-aadd-4c81-8d37-b493882e9fdc","entry","Q7","3","2024-03-30 00:18:39.454+00"
"1970","a61d7ac3-aadd-4c81-8d37-b493882e9fdc","entry","Q8","2","2024-03-30 00:18:39.454+00"
"1971","a61d7ac3-aadd-4c81-8d37-b493882e9fdc","entry","Q9","1","2024-03-30 00:18:39.454+00"
"1972","a61d7ac3-aadd-4c81-8d37-b493882e9fdc","entry","Q10","2","2024-03-30 00:18:39.454+00"
"1973","a61d7ac3-aadd-4c81-8d37-b493882e9fdc","entry","Q11","1","2024-03-30 00:18:39.454+00"
"1974","a61d7ac3-aadd-4c81-8d37-b493882e9fdc","entry","Q12","3","2024-03-30 00:18:39.454+00"
"1975","a61d7ac3-aadd-4c81-8d37-b493882e9fdc","entry","Q13","4","2024-03-30 00:18:39.454+00"
"1976","a61d7ac3-aadd-4c81-8d37-b493882e9fdc","entry","Q14","5","2024-03-30 00:18:39.454+00"
"1977","a61d7ac3-aadd-4c81-8d37-b493882e9fdc","entry","Q15","4","2024-03-30 00:18:39.454+00"
"1978","a61d7ac3-aadd-4c81-8d37-b493882e9fdc","entry","Q16","3","2024-03-30 00:18:39.454+00"
"1979","a61d7ac3-aadd-4c81-8d37-b493882e9fdc","entry","Q17","5","2024-03-30 00:18:39.454+00"
"1980","a61d7ac3-aadd-4c81-8d37-b493882e9fdc","entry","Q18","5","2024-03-30 00:18:39.454+00"
"1981","a61d7ac3-aadd-4c81-8d37-b493882e9fdc","entry","Q19","4","2024-03-30 00:18:39.454+00"
"1982","a61d7ac3-aadd-4c81-8d37-b493882e9fdc","entry","Q20","3","2024-03-30 00:18:39.454+00"
"1983","64b53075-3070-491c-a684-20240b6e89ac","entry","D1","1","2024-03-31 06:43:27.686+00"
"1984","64b53075-3070-491c-a684-20240b6e89ac","entry","D2","0","2024-03-31 06:43:27.686+00"
"1985","64b53075-3070-491c-a684-20240b6e89ac","entry","D3","16","2024-03-31 06:43:27.686+00"
"1986","64b53075-3070-491c-a684-20240b6e89ac","entry","D4","36","2024-03-31 06:43:27.686+00"
"1987","64b53075-3070-491c-a684-20240b6e89ac","entry","D5","Turkey","2024-03-31 06:43:27.686+00"
"1988","64b53075-3070-491c-a684-20240b6e89ac","entry","D6","1","2024-03-31 06:43:27.686+00"
"1989","64b53075-3070-491c-a684-20240b6e89ac","entry","Q1","4","2024-03-31 06:43:27.686+00"
"1990","64b53075-3070-491c-a684-20240b6e89ac","entry","Q2","2","2024-03-31 06:43:27.686+00"
"1991","64b53075-3070-491c-a684-20240b6e89ac","entry","Q3","4","2024-03-31 06:43:27.686+00"
"1992","64b53075-3070-491c-a684-20240b6e89ac","entry","Q4","2","2024-03-31 06:43:27.686+00"
"1993","64b53075-3070-491c-a684-20240b6e89ac","entry","Q5","4","2024-03-31 06:43:27.686+00"
"1994","64b53075-3070-491c-a684-20240b6e89ac","entry","Q6","2","2024-03-31 06:43:27.686+00"
"1995","64b53075-3070-491c-a684-20240b6e89ac","entry","Q7","2","2024-03-31 06:43:27.686+00"
"1996","64b53075-3070-491c-a684-20240b6e89ac","entry","Q8","3","2024-03-31 06:43:27.686+00"
"1997","64b53075-3070-491c-a684-20240b6e89ac","entry","Q9","2","2024-03-31 06:43:27.686+00"
"1998","64b53075-3070-491c-a684-20240b6e89ac","entry","Q10","3","2024-03-31 06:43:27.686+00"
"1999","64b53075-3070-491c-a684-20240b6e89ac","entry","Q11","3","2024-03-31 06:43:27.686+00"
"2000","64b53075-3070-491c-a684-20240b6e89ac","entry","Q12","4","2024-03-31 06:43:27.686+00"
"2001","64b53075-3070-491c-a684-20240b6e89ac","entry","Q13","4","2024-03-31 06:43:27.686+00"
"2002","64b53075-3070-491c-a684-20240b6e89ac","entry","Q14","4","2024-03-31 06:43:27.686+00"
"2003","64b53075-3070-491c-a684-20240b6e89ac","entry","Q15","4","2024-03-31 06:43:27.686+00"
"2004","64b53075-3070-491c-a684-20240b6e89ac","entry","Q16","4","2024-03-31 06:43:27.686+00"
"2005","64b53075-3070-491c-a684-20240b6e89ac","entry","Q17","4","2024-03-31 06:43:27.686+00"
"2006","64b53075-3070-491c-a684-20240b6e89ac","entry","Q18","4","2024-03-31 06:43:27.686+00"
"2007","64b53075-3070-491c-a684-20240b6e89ac","entry","Q19","4","2024-03-31 06:43:27.686+00"
"2008","64b53075-3070-491c-a684-20240b6e89ac","entry","Q20","4","2024-03-31 06:43:27.686+00"
"2009","90db70e7-5c16-4b63-abd0-53f4dcdfcc5b","entry","D1","1","2024-04-01 07:54:08.094+00"
"2010","90db70e7-5c16-4b63-abd0-53f4dcdfcc5b","entry","D2","0","2024-04-01 07:54:08.094+00"
"2011","90db70e7-5c16-4b63-abd0-53f4dcdfcc5b","entry","D3","14","2024-04-01 07:54:08.094+00"
"2012","90db70e7-5c16-4b63-abd0-53f4dcdfcc5b","entry","D4","35","2024-04-01 07:54:08.094+00"
"2013","90db70e7-5c16-4b63-abd0-53f4dcdfcc5b","entry","D5","Serbia","2024-04-01 07:54:08.094+00"
"2014","90db70e7-5c16-4b63-abd0-53f4dcdfcc5b","entry","D6","1","2024-04-01 07:54:08.094+00"
"2015","90db70e7-5c16-4b63-abd0-53f4dcdfcc5b","entry","Q1","4","2024-04-01 07:54:08.094+00"
"2016","90db70e7-5c16-4b63-abd0-53f4dcdfcc5b","entry","Q2","2","2024-04-01 07:54:08.094+00"
"2017","90db70e7-5c16-4b63-abd0-53f4dcdfcc5b","entry","Q3","4","2024-04-01 07:54:08.094+00"
"2018","90db70e7-5c16-4b63-abd0-53f4dcdfcc5b","entry","Q4","2","2024-04-01 07:54:08.094+00"
"2019","90db70e7-5c16-4b63-abd0-53f4dcdfcc5b","entry","Q5","4","2024-04-01 07:54:08.095+00"
"2020","90db70e7-5c16-4b63-abd0-53f4dcdfcc5b","entry","Q6","3","2024-04-01 07:54:08.095+00"
"2021","90db70e7-5c16-4b63-abd0-53f4dcdfcc5b","entry","Q7","3","2024-04-01 07:54:08.095+00"
"2022","90db70e7-5c16-4b63-abd0-53f4dcdfcc5b","entry","Q8","4","2024-04-01 07:54:08.095+00"
"2023","90db70e7-5c16-4b63-abd0-53f4dcdfcc5b","entry","Q9","3","2024-04-01 07:54:08.095+00"
"2024","90db70e7-5c16-4b63-abd0-53f4dcdfcc5b","entry","Q10","3","2024-04-01 07:54:08.095+00"
"2025","90db70e7-5c16-4b63-abd0-53f4dcdfcc5b","entry","Q11","4","2024-04-01 07:54:08.095+00"
"2026","90db70e7-5c16-4b63-abd0-53f4dcdfcc5b","entry","Q12","2","2024-04-01 07:54:08.095+00"
"2027","90db70e7-5c16-4b63-abd0-53f4dcdfcc5b","entry","Q13","3","2024-04-01 07:54:08.095+00"
"2028","90db70e7-5c16-4b63-abd0-53f4dcdfcc5b","entry","Q14","3","2024-04-01 07:54:08.095+00"
"2029","90db70e7-5c16-4b63-abd0-53f4dcdfcc5b","entry","Q15","3","2024-04-01 07:54:08.095+00"
"2030","90db70e7-5c16-4b63-abd0-53f4dcdfcc5b","entry","Q16","2","2024-04-01 07:54:08.095+00"
"2031","90db70e7-5c16-4b63-abd0-53f4dcdfcc5b","entry","Q17","4","2024-04-01 07:54:08.095+00"
"2032","90db70e7-5c16-4b63-abd0-53f4dcdfcc5b","entry","Q18","4","2024-04-01 07:54:08.095+00"
"2033","90db70e7-5c16-4b63-abd0-53f4dcdfcc5b","entry","Q19","2","2024-04-01 07:54:08.095+00"
"2034","90db70e7-5c16-4b63-abd0-53f4dcdfcc5b","entry","Q20","5","2024-04-01 07:54:08.095+00"
"2035","848d2a3a-0719-4006-b331-7dc1e8c3511c","entry","D1","1","2024-04-01 17:06:50.386+00"
"2036","848d2a3a-0719-4006-b331-7dc1e8c3511c","entry","D2","0","2024-04-01 17:06:50.39+00"
"2037","848d2a3a-0719-4006-b331-7dc1e8c3511c","entry","D3","1","2024-04-01 17:06:50.39+00"
"2038","848d2a3a-0719-4006-b331-7dc1e8c3511c","entry","D4","34","2024-04-01 17:06:50.39+00"
"2039","848d2a3a-0719-4006-b331-7dc1e8c3511c","entry","D5","Sweden","2024-04-01 17:06:50.39+00"
"2040","848d2a3a-0719-4006-b331-7dc1e8c3511c","entry","D6","2","2024-04-01 17:06:50.39+00"
"2041","848d2a3a-0719-4006-b331-7dc1e8c3511c","entry","Q1","3","2024-04-01 17:06:50.391+00"
"2042","848d2a3a-0719-4006-b331-7dc1e8c3511c","entry","Q2","5","2024-04-01 17:06:50.391+00"
"2043","848d2a3a-0719-4006-b331-7dc1e8c3511c","entry","Q3","2","2024-04-01 17:06:50.391+00"
"2044","848d2a3a-0719-4006-b331-7dc1e8c3511c","entry","Q4","4","2024-04-01 17:06:50.391+00"
"2045","848d2a3a-0719-4006-b331-7dc1e8c3511c","entry","Q5","4","2024-04-01 17:06:50.391+00"
"2046","848d2a3a-0719-4006-b331-7dc1e8c3511c","entry","Q6","2","2024-04-01 17:06:50.391+00"
"2047","848d2a3a-0719-4006-b331-7dc1e8c3511c","entry","Q7","1","2024-04-01 17:06:50.391+00"
"2048","848d2a3a-0719-4006-b331-7dc1e8c3511c","entry","Q8","1","2024-04-01 17:06:50.391+00"
"2049","848d2a3a-0719-4006-b331-7dc1e8c3511c","entry","Q9","3","2024-04-01 17:06:50.391+00"
"2050","848d2a3a-0719-4006-b331-7dc1e8c3511c","entry","Q10","1","2024-04-01 17:06:50.391+00"
"2051","848d2a3a-0719-4006-b331-7dc1e8c3511c","entry","Q11","3","2024-04-01 17:06:50.391+00"
"2052","848d2a3a-0719-4006-b331-7dc1e8c3511c","entry","Q12","4","2024-04-01 17:06:50.391+00"
"2053","848d2a3a-0719-4006-b331-7dc1e8c3511c","entry","Q13","3","2024-04-01 17:06:50.391+00"
"2054","848d2a3a-0719-4006-b331-7dc1e8c3511c","entry","Q14","4","2024-04-01 17:06:50.391+00"
"2055","848d2a3a-0719-4006-b331-7dc1e8c3511c","entry","Q15","5","2024-04-01 17:06:50.391+00"
"2056","848d2a3a-0719-4006-b331-7dc1e8c3511c","entry","Q16","6","2024-04-01 17:06:50.391+00"
"2057","848d2a3a-0719-4006-b331-7dc1e8c3511c","entry","Q17","6","2024-04-01 17:06:50.391+00"
"2058","848d2a3a-0719-4006-b331-7dc1e8c3511c","entry","Q18","3","2024-04-01 17:06:50.391+00"
"2059","848d2a3a-0719-4006-b331-7dc1e8c3511c","entry","Q19","4","2024-04-01 17:06:50.391+00"
"2060","848d2a3a-0719-4006-b331-7dc1e8c3511c","entry","Q20","3","2024-04-01 17:06:50.391+00"
"2061","74f03bea-3389-4f4b-828a-9316d6ac5d17","entry","D1","1","2024-04-01 19:38:30.516+00"
"2062","74f03bea-3389-4f4b-828a-9316d6ac5d17","entry","D2","0","2024-04-01 19:38:30.517+00"
"2063","74f03bea-3389-4f4b-828a-9316d6ac5d17","entry","D3","5","2024-04-01 19:38:30.517+00"
"2064","74f03bea-3389-4f4b-828a-9316d6ac5d17","entry","D4","34","2024-04-01 19:38:30.517+00"
"2065","74f03bea-3389-4f4b-828a-9316d6ac5d17","entry","D5","Denmark","2024-04-01 19:38:30.517+00"
"2066","74f03bea-3389-4f4b-828a-9316d6ac5d17","entry","D6","1","2024-04-01 19:38:30.517+00"
"2067","74f03bea-3389-4f4b-828a-9316d6ac5d17","entry","Q1","2","2024-04-01 19:38:30.517+00"
"2068","74f03bea-3389-4f4b-828a-9316d6ac5d17","entry","Q2","3","2024-04-01 19:38:30.517+00"
"2069","74f03bea-3389-4f4b-828a-9316d6ac5d17","entry","Q3","2","2024-04-01 19:38:30.517+00"
"2070","74f03bea-3389-4f4b-828a-9316d6ac5d17","entry","Q4","2","2024-04-01 19:38:30.517+00"
"2071","74f03bea-3389-4f4b-828a-9316d6ac5d17","entry","Q5","3","2024-04-01 19:38:30.517+00"
"2072","74f03bea-3389-4f4b-828a-9316d6ac5d17","entry","Q6","3","2024-04-01 19:38:30.517+00"
"2073","74f03bea-3389-4f4b-828a-9316d6ac5d17","entry","Q7","2","2024-04-01 19:38:30.517+00"
"2074","74f03bea-3389-4f4b-828a-9316d6ac5d17","entry","Q8","3","2024-04-01 19:38:30.517+00"
"2075","74f03bea-3389-4f4b-828a-9316d6ac5d17","entry","Q9","2","2024-04-01 19:38:30.517+00"
"2076","74f03bea-3389-4f4b-828a-9316d6ac5d17","entry","Q10","3","2024-04-01 19:38:30.517+00"
"2077","74f03bea-3389-4f4b-828a-9316d6ac5d17","entry","Q11","3","2024-04-01 19:38:30.517+00"
"2078","74f03bea-3389-4f4b-828a-9316d6ac5d17","entry","Q12","3","2024-04-01 19:38:30.517+00"
"2079","74f03bea-3389-4f4b-828a-9316d6ac5d17","entry","Q13","2","2024-04-01 19:38:30.517+00"
"2080","74f03bea-3389-4f4b-828a-9316d6ac5d17","entry","Q14","3","2024-04-01 19:38:30.517+00"
"2081","74f03bea-3389-4f4b-828a-9316d6ac5d17","entry","Q15","3","2024-04-01 19:38:30.517+00"
"2082","74f03bea-3389-4f4b-828a-9316d6ac5d17","entry","Q16","2","2024-04-01 19:38:30.517+00"
"2083","74f03bea-3389-4f4b-828a-9316d6ac5d17","entry","Q17","5","2024-04-01 19:38:30.517+00"
"2084","74f03bea-3389-4f4b-828a-9316d6ac5d17","entry","Q18","4","2024-04-01 19:38:30.517+00"
"2085","74f03bea-3389-4f4b-828a-9316d6ac5d17","entry","Q19","4","2024-04-01 19:38:30.517+00"
"2086","74f03bea-3389-4f4b-828a-9316d6ac5d17","entry","Q20","4","2024-04-01 19:38:30.517+00"
"2087","ebf1d79b-14fe-4582-8ec9-8094da46fd7e","entry","D1","1","2024-04-02 06:51:23.338+00"
"2088","ebf1d79b-14fe-4582-8ec9-8094da46fd7e","entry","D2","0","2024-04-02 06:51:23.339+00"
"2089","ebf1d79b-14fe-4582-8ec9-8094da46fd7e","entry","D3","5","2024-04-02 06:51:23.339+00"
"2090","ebf1d79b-14fe-4582-8ec9-8094da46fd7e","entry","D4","28","2024-04-02 06:51:23.339+00"
"2091","ebf1d79b-14fe-4582-8ec9-8094da46fd7e","entry","D5","Poland","2024-04-02 06:51:23.339+00"
"2092","ebf1d79b-14fe-4582-8ec9-8094da46fd7e","entry","D6","3","2024-04-02 06:51:23.339+00"
"2093","ebf1d79b-14fe-4582-8ec9-8094da46fd7e","entry","Q1","3","2024-04-02 06:51:23.339+00"
"2094","ebf1d79b-14fe-4582-8ec9-8094da46fd7e","entry","Q2","3","2024-04-02 06:51:23.339+00"
"2095","ebf1d79b-14fe-4582-8ec9-8094da46fd7e","entry","Q3","4","2024-04-02 06:51:23.339+00"
"2096","ebf1d79b-14fe-4582-8ec9-8094da46fd7e","entry","Q4","3","2024-04-02 06:51:23.339+00"
"2097","ebf1d79b-14fe-4582-8ec9-8094da46fd7e","entry","Q5","1","2024-04-02 06:51:23.339+00"
"2098","ebf1d79b-14fe-4582-8ec9-8094da46fd7e","entry","Q6","4","2024-04-02 06:51:23.339+00"
"2099","ebf1d79b-14fe-4582-8ec9-8094da46fd7e","entry","Q7","2","2024-04-02 06:51:23.339+00"
"2100","ebf1d79b-14fe-4582-8ec9-8094da46fd7e","entry","Q8","2","2024-04-02 06:51:23.339+00"
"2101","ebf1d79b-14fe-4582-8ec9-8094da46fd7e","entry","Q9","2","2024-04-02 06:51:23.339+00"
"2102","ebf1d79b-14fe-4582-8ec9-8094da46fd7e","entry","Q10","2","2024-04-02 06:51:23.339+00"
"2103","ebf1d79b-14fe-4582-8ec9-8094da46fd7e","entry","Q11","2","2024-04-02 06:51:23.339+00"
"2104","ebf1d79b-14fe-4582-8ec9-8094da46fd7e","entry","Q12","3","2024-04-02 06:51:23.339+00"
"2105","ebf1d79b-14fe-4582-8ec9-8094da46fd7e","entry","Q13","3","2024-04-02 06:51:23.339+00"
"2106","ebf1d79b-14fe-4582-8ec9-8094da46fd7e","entry","Q14","3","2024-04-02 06:51:23.339+00"
"2107","ebf1d79b-14fe-4582-8ec9-8094da46fd7e","entry","Q15","2","2024-04-02 06:51:23.339+00"
"2108","ebf1d79b-14fe-4582-8ec9-8094da46fd7e","entry","Q16","1","2024-04-02 06:51:23.339+00"
"2109","ebf1d79b-14fe-4582-8ec9-8094da46fd7e","entry","Q17","3","2024-04-02 06:51:23.339+00"
"2110","ebf1d79b-14fe-4582-8ec9-8094da46fd7e","entry","Q18","3","2024-04-02 06:51:23.339+00"
"2111","ebf1d79b-14fe-4582-8ec9-8094da46fd7e","entry","Q19","3","2024-04-02 06:51:23.339+00"
"2112","ebf1d79b-14fe-4582-8ec9-8094da46fd7e","entry","Q20","3","2024-04-02 06:51:23.339+00"
"2113","7eb90377-39e5-4efc-8e51-f6fc60e1b0f2","entry","D1","1","2024-04-06 17:59:41.756+00"
"2114","7eb90377-39e5-4efc-8e51-f6fc60e1b0f2","entry","D2","0","2024-04-06 17:59:41.756+00"
"2115","7eb90377-39e5-4efc-8e51-f6fc60e1b0f2","entry","D3","0.5","2024-04-06 17:59:41.756+00"
"2116","7eb90377-39e5-4efc-8e51-f6fc60e1b0f2","entry","D4","33","2024-04-06 17:59:41.756+00"
"2117","7eb90377-39e5-4efc-8e51-f6fc60e1b0f2","entry","D5","Sweden","2024-04-06 17:59:41.756+00"
"2118","7eb90377-39e5-4efc-8e51-f6fc60e1b0f2","entry","D6","1","2024-04-06 17:59:41.756+00"
"2119","7eb90377-39e5-4efc-8e51-f6fc60e1b0f2","entry","Q1","5","2024-04-06 17:59:41.756+00"
"2120","7eb90377-39e5-4efc-8e51-f6fc60e1b0f2","entry","Q2","1","2024-04-06 17:59:41.756+00"
"2121","7eb90377-39e5-4efc-8e51-f6fc60e1b0f2","entry","Q3","5","2024-04-06 17:59:41.756+00"
"2122","7eb90377-39e5-4efc-8e51-f6fc60e1b0f2","entry","Q4","2","2024-04-06 17:59:41.756+00"
"2123","7eb90377-39e5-4efc-8e51-f6fc60e1b0f2","entry","Q5","4","2024-04-06 17:59:41.756+00"
"2124","7eb90377-39e5-4efc-8e51-f6fc60e1b0f2","entry","Q6","2","2024-04-06 17:59:41.756+00"
"2125","7eb90377-39e5-4efc-8e51-f6fc60e1b0f2","entry","Q7","4","2024-04-06 17:59:41.756+00"
"2126","7eb90377-39e5-4efc-8e51-f6fc60e1b0f2","entry","Q8","4","2024-04-06 17:59:41.756+00"
"2127","7eb90377-39e5-4efc-8e51-f6fc60e1b0f2","entry","Q9","4","2024-04-06 17:59:41.756+00"
"2128","7eb90377-39e5-4efc-8e51-f6fc60e1b0f2","entry","Q10","5","2024-04-06 17:59:41.756+00"
"2129","7eb90377-39e5-4efc-8e51-f6fc60e1b0f2","entry","Q11","5","2024-04-06 17:59:41.756+00"
"2130","7eb90377-39e5-4efc-8e51-f6fc60e1b0f2","entry","Q12","5","2024-04-06 17:59:41.756+00"
"2131","7eb90377-39e5-4efc-8e51-f6fc60e1b0f2","entry","Q13","5","2024-04-06 17:59:41.756+00"
"2132","7eb90377-39e5-4efc-8e51-f6fc60e1b0f2","entry","Q14","4","2024-04-06 17:59:41.756+00"
"2133","7eb90377-39e5-4efc-8e51-f6fc60e1b0f2","entry","Q15","4","2024-04-06 17:59:41.756+00"
"2134","7eb90377-39e5-4efc-8e51-f6fc60e1b0f2","entry","Q16","4","2024-04-06 17:59:41.756+00"
"2135","7eb90377-39e5-4efc-8e51-f6fc60e1b0f2","entry","Q17","4","2024-04-06 17:59:41.756+00"
"2136","7eb90377-39e5-4efc-8e51-f6fc60e1b0f2","entry","Q18","4","2024-04-06 17:59:41.756+00"
"2137","7eb90377-39e5-4efc-8e51-f6fc60e1b0f2","entry","Q19","4","2024-04-06 17:59:41.756+00"
"2138","7eb90377-39e5-4efc-8e51-f6fc60e1b0f2","entry","Q20","5","2024-04-06 17:59:41.756+00"